Sector,Total_Loan_Amount,Avg_ESG_Risk,High_Risk_Clients
Renewable Energy,1165254011,3.7142857142857144,9
Textiles,960998381,3.625,5
Agribusiness,926359295,3.6666666666666665,8
Manufacturing,895891383,3.5517241379310347,5
Financial Services,841620768,3.53125,5
Infrastructure,835353100,3.90625,10
